 #000000 #d02127; #000000 #ffffff; #000000 #d02127; #000000 #d02127; #000000 #d02127; #000000 #ffffff; #000000 #d02127; #000000 #d02127; #000000 #d02127; #000000 #d02127; #000000 #d02127; #000000 #ffffff; #000000 #d02127; #000000 #d02127; #000000 #d02127; #000000 #ffffff; #000000 #d02127; #000000 #ffffff
 #000000 #d02127; #000000 #d02127; #000000 #ffffff; #000000 #ffffff; #000000 #d02127; #000000 #d02127; #000000 #d02127; #000000 #d02127; #000000 #0f5b34; #000000 #d02127; #000000 #d02127; #000000 #d02127; #000000 #d02127; #000000 #ffffff; #000000 #ffffff; #000000 #d02127; #000000 #d02127; #000000 #ffffff
 #000000 #d02127; #000000 #d02127; #000000 #ffffff; #000000 #d02127; #000000 #d02127; #000000 #d02127; #000000 #d02127; #000000 #ffffff; #000000 #0f5b34; #000000 #ffffff; #000000 #d02127; #000000 #d02127; #000000 #d02127; #000000 #d02127; #000000 #ffffff; #000000 #d02127; #000000 #d02127; #000000 #ffffff
 #000000 #d02127; #000000 #d02127; #000000 #d02127; #000000 #d02127; #000000 #d02127; #000000 #d02127; #000000 #ffffff; #000000 #0f5b34; #000000 #0f5b34; #000000 #0f5b34; #000000 #ffffff; #000000 #d02127; #000000 #d02127; #000000 #d02127; #000000 #d02127; #000000 #d02127; #000000 #d02127; #000000 #d02127
 #000000 #d02127; #000000 #d02127; #000000 #d02127; #000000 #d02127; #000000 #d02127; #000000 #ffffff; #000000 #0f5b34; #000000 #0f5b34; #000000 #0f5b34; #000000 #0f5b34; #000000 #0f5b34; #000000 #ffffff; #000000 #d02127; #000000 #d02127; #000000 #d02127; #000000 #d02127; #000000 #d02127; #000000 #d02127
 #000000 #d02127; #000000 #d02127; #000000 #d02127; #000000 #d02127; #000000 #d02127; #000000 #d02127; #000000 #ffffff; #000000 #0f5b34; #000000 #0f5b34; #000000 #0f5b34; #000000 #ffffff; #000000 #d02127; #000000 #d02127; #000000 #d02127; #000000 #d02127; #000000 #d02127; #000000 #d02127; #000000 #d02127
 #000000 #d02127; #000000 #d02127; #000000 #d02127; #000000 #d02127; #000000 #d02127; #000000 #ffffff; #000000 #0f5b34; #000000 #0f5b34; #000000 #0f5b34; #000000 #0f5b34; #000000 #0f5b34; #000000 #ffffff; #000000 #d02127; #000000 #d02127; #000000 #d02127; #000000 #d02127; #000000 #d02127; #000000 #d02127
 #000000 #d02127; #000000 #d02127; #000000 #d02127; #000000 #d02127; #000000 #ffffff; #000000 #0f5b34; #000000 #0f5b34; #000000 #0f5b34; #000000 #0f5b34; #000000 #0f5b34; #000000 #0f5b34; #000000 #0f5b34; #000000 #ffffff; #000000 #d02127; #000000 #d02127; #000000 #d02127; #000000 #d02127; #000000 #d02127
 #000000 #d02127; #000000 #d02127; #000000 #d02127; #000000 #d02127; #000000 #d02127; #000000 #ffffff; #000000 #0f5b34; #000000 #0f5b34; #000000 #0f5b34; #000000 #0f5b34; #000000 #0f5b34; #000000 #ffffff; #000000 #d02127; #000000 #d02127; #000000 #d02127; #000000 #d02127; #000000 #d02127; #000000 #d02127
 #000000 #d02127; #000000 #d02127; #000000 #d02127; #000000 #d02127; #000000 #ffffff; #000000 #0f5b34; #000000 #0f5b34; #000000 #0f5b34; #000000 #0f5b34; #000000 #0f5b34; #000000 #0f5b34; #000000 #0f5b34; #000000 #ffffff; #000000 #d02127; #000000 #d02127; #000000 #d02127; #000000 #d02127; #000000 #d02127
 #000000 #d02127; #000000 #d02127; #000000 #d02127; #000000 #ffffff; #000000 #0f5b34; #000000 #0f5b34; #000000 #0f5b34; #000000 #0f5b34; #000000 #0f5b34; #000000 #0f5b34; #000000 #0f5b34; #000000 #0f5b34; #000000 #0f5b34; #000000 #ffffff; #000000 #d02127; #000000 #d02127; #000000 #d02127; #000000 #d02127
 #000000 #ffffff; #000000 #d02127; #000000 #d02127; #000000 #d02127; #000000 #d02127; #000000 #d02127; #000000 #d02127; #000000 #d02127; #000000 #0f5b34; #000000 #d02127; #000000 #d02127; #000000 #d02127; #000000 #d02127; #000000 #d02127; #000000 #d02127; #000000 #d02127; #000000 #ffffff; #000000 #d02127
 #000000 #d02127; #000000 #d02127; #000000 #ffffff; #000000 #d02127; #000000 #d02127; #000000 #d02127; #000000 #d02127; #000000 #d02127; #000000 #0f5b34; #000000 #d02127; #000000 #d02127; #000000 #d02127; #000000 #d02127; #000000 #d02127; #000000 #ffffff; #000000 #d02127; #000000 #d02127; #000000 #ffffff
 #000000 #d02127; #000000 #d02127; #000000 #ffffff; #000000 #ffffff; #000000 #d02127; #000000 #d02127; #000000 #d02127; #000000 #d02127; #000000 #0f5b34; #000000 #d02127; #000000 #d02127; #000000 #d02127; #000000 #d02127; #000000 #ffffff; #000000 #ffffff; #000000 #d02127; #000000 #d02127; #000000 #ffffff
 #000000 #d02127; #000000 #ffffff; #000000 #d02127; #000000 #d02127; #000000 #d02127; #000000 #d02127; #000000 #d02127; #000000 #d02127; #000000 #d02127; #000000 #d02127; #000000 #d02127; #000000 #d02127; #000000 #d02127; #000000 #d02127; #000000 #d02127; #000000 #ffffff; #000000 #d02127; #000000 #ffffff
 #000000 #0f5b34; #000000 #d02127; #000000 #d02127; #000000 #d02127; #000000 #ffffff; #000000 #d02127; #000000 #d02127; #000000 #d02127; #000000 #d02127; #000000 #d02127; #000000 #d02127; #000000 #d02127; #000000 #ffffff; #000000 #d02127; #000000 #d02127; #000000 #d02127; #000000 #0f5b34; #000000 #ffffff
 #000000 #ffffff; #000000 #ffffff; #000000 #ffffff; #000000 #ffffff; #000000 #d02127; #000000 #d02127; #000000 #d02127; #000000 #d02127; #000000 #d02127; #000000 #d02127; #000000 #d02127; #000000 #d02127; #000000 #d02127; #000000 #ffffff; #000000 #ffffff; #000000 #ffffff; #000000 #ffffff; #000000 #0f5b34
 #000000 #0f5b34; #000000 #d02127; #000000 #d02127; #000000 #d02127; #000000 #ffffff; #000000 #d02127; #000000 #d02127; #000000 #d02127; #000000 #d02127; #000000 #d02127; #000000 #d02127; #000000 #d02127; #000000 #ffffff; #000000 #d02127; #000000 #d02127; #000000 #d02127; #000000 #0f5b34; #000000 #ffffff
 #000000 #d02127; #000000 #ffffff; #000000 #d02127; #000000 #d02127; #000000 #d02127; #000000 #d02127; #000000 #d02127; #000000 #d02127; #000000 #d02127; #000000 #d02127; #000000 #d02127; #000000 #d02127; #000000 #d02127; #000000 #d02127; #000000 #d02127; #000000 #ffffff; #000000 #d02127; #000000 #ffffff
 #000000 #d02127; #000000 #d02127; #000000 #ffffff; #000000 #ffffff; #000000 #d02127; #000000 #d02127; #000000 #d02127; #000000 #d02127; #000000 #0f5b34; #000000 #d02127; #000000 #d02127; #000000 #d02127; #000000 #d02127; #000000 #ffffff; #000000 #ffffff; #000000 #d02127; #000000 #d02127; #000000 #ffffff
 #000000 #d02127; #000000 #d02127; #000000 #ffffff; #000000 #d02127; #000000 #d02127; #000000 #d02127; #000000 #d02127; #000000 #ffffff; #000000 #0f5b34; #000000 #ffffff; #000000 #d02127; #000000 #d02127; #000000 #d02127; #000000 #d02127; #000000 #ffffff; #000000 #d02127; #000000 #d02127; #000000 #ffffff
 #000000 #d02127; #000000 #d02127; #000000 #d02127; #000000 #d02127; #000000 #d02127; #000000 #d02127; #000000 #ffffff; #000000 #0f5b34; #000000 #0f5b34; #000000 #0f5b34; #000000 #ffffff; #000000 #d02127; #000000 #d02127; #000000 #d02127; #000000 #d02127; #000000 #d02127; #000000 #d02127; #000000 #d02127
 #000000 #d02127; #000000 #d02127; #000000 #d02127; #000000 #d02127; #000000 #d02127; #000000 #ffffff; #000000 #0f5b34; #000000 #0f5b34; #000000 #0f5b34; #000000 #0f5b34; #000000 #0f5b34; #000000 #ffffff; #000000 #d02127; #000000 #d02127; #000000 #d02127; #000000 #d02127; #000000 #d02127; #000000 #d02127
 #000000 #d02127; #000000 #d02127; #000000 #d02127; #000000 #d02127; #000000 #d02127; #000000 #d02127; #000000 #ffffff; #000000 #0f5b34; #000000 #0f5b34; #000000 #0f5b34; #000000 #ffffff; #000000 #d02127; #000000 #d02127; #000000 #d02127; #000000 #d02127; #000000 #d02127; #000000 #d02127; #000000 #d02127
 #000000 #d02127; #000000 #d02127; #000000 #d02127; #000000 #d02127; #000000 #d02127; #000000 #ffffff; #000000 #0f5b34; #000000 #0f5b34; #000000 #0f5b34; #000000 #0f5b34; #000000 #0f5b34; #000000 #ffffff; #000000 #d02127; #000000 #d02127; #000000 #d02127; #000000 #d02127; #000000 #d02127; #000000 #d02127
 #000000 #d02127; #000000 #d02127; #000000 #d02127; #000000 #d02127; #000000 #ffffff; #000000 #0f5b34; #000000 #0f5b34; #000000 #0f5b34; #000000 #0f5b34; #000000 #0f5b34; #000000 #0f5b34; #000000 #0f5b34; #000000 #ffffff; #000000 #d02127; #000000 #d02127; #000000 #d02127; #000000 #d02127; #000000 #d02127
 #000000 #d02127; #000000 #d02127; #000000 #d02127; #000000 #d02127; #000000 #d02127; #000000 #ffffff; #000000 #0f5b34; #000000 #0f5b34; #000000 #0f5b34; #000000 #0f5b34; #000000 #0f5b34; #000000 #ffffff; #000000 #d02127; #000000 #d02127; #000000 #d02127; #000000 #d02127; #000000 #d02127; #000000 #d02127
 #000000 #d02127; #000000 #d02127; #000000 #d02127; #000000 #d02127; #000000 #ffffff; #000000 #0f5b34; #000000 #0f5b34; #000000 #0f5b34; #000000 #0f5b34; #000000 #0f5b34; #000000 #0f5b34; #000000 #0f5b34; #000000 #ffffff; #000000 #d02127; #000000 #d02127; #000000 #d02127; #000000 #d02127; #000000 #d02127
 #000000 #d02127; #000000 #d02127; #000000 #d02127; #000000 #ffffff; #000000 #0f5b34; #000000 #0f5b34; #000000 #0f5b34; #000000 #0f5b34; #000000 #0f5b34; #000000 #0f5b34; #000000 #0f5b34; #000000 #0f5b34; #000000 #0f5b34; #000000 #ffffff; #000000 #d02127; #000000 #d02127; #000000 #d02127; #000000 #d02127
 #000000 #ffffff; #000000 #d02127; #000000 #d02127; #000000 #d02127; #000000 #d02127; #000000 #d02127; #000000 #d02127; #000000 #d02127; #000000 #0f5b34; #000000 #d02127; #000000 #d02127; #000000 #d02127; #000000 #d02127; #000000 #d02127; #000000 #d02127; #000000 #d02127; #000000 #ffffff; #000000 #d02127
 #000000 #d02127; #000000 #d02127; #000000 #ffffff; #000000 #d02127; #000000 #d02127; #000000 #d02127; #000000 #d02127; #000000 #d02127; #000000 #0f5b34; #000000 #d02127; #000000 #d02127; #000000 #d02127; #000000 #d02127; #000000 #d02127; #000000 #ffffff; #000000 #d02127; #000000 #d02127; #000000 #ffffff